RecordNumber,time,EventCode,name,ComputerName,Creator_Process_ID,Creator_Process_Name,New_Process_ID,New_Process_Name,Security_ID,source
0,0,0,0,0,0,0,0,0,0,0
24439,2019-09-06T16:41:09.000-0400,4688,A new process has been created,DESKTOP-PE6GMIK,0x6dc,C:\Program Files\SplunkUniversalForwarder\bin\splunkd.exe,0x8a0,C:\Program Files\SplunkUniversalForwarder\bin\splunk-winprintmon.exe,"S-1-5-18
S-1-0-0",WinEventLog:Security
24436,2019-09-06T16:41:07.000-0400,4688,A new process has been created,DESKTOP-PE6GMIK,0x6dc,C:\Program Files\SplunkUniversalForwarder\bin\splunkd.exe,0x18d4,C:\Program Files\SplunkUniversalForwarder\bin\splunk-regmon.exe,"S-1-5-18
S-1-0-0",WinEventLog:Security
24434,2019-09-06T16:41:06.000-0400,4688,A new process has been created,DESKTOP-PE6GMIK,0x6dc,C:\Program Files\SplunkUniversalForwarder\bin\splunkd.exe,0x182c,C:\Program Files\SplunkUniversalForwarder\bin\splunk-powershell.exe,"S-1-5-18
S-1-0-0",WinEventLog:Security
24432,2019-09-06T16:41:05.000-0400,4688,A new process has been created,DESKTOP-PE6GMIK,0x310,C:\Windows\System32\svchost.exe,0x9d8,C:\Windows\System32\backgroundTaskHost.exe,"S-1-5-18
S-1-5-21-3855454693-1273462566-1695633807-1001",WinEventLog:Security
24430,2019-09-06T16:41:05.000-0400,4688,A new process has been created,DESKTOP-PE6GMIK,0x6dc,C:\Program Files\SplunkUniversalForwarder\bin\splunkd.exe,0x41c,C:\Program Files\SplunkUniversalForwarder\bin\splunk-powershell.exe,"S-1-5-18
S-1-0-0",WinEventLog:Security
24428,2019-09-06T16:41:04.000-0400,4688,A new process has been created,DESKTOP-PE6GMIK,0x1ac8,C:\Windows\System32\WindowsPowerShell\v1.0\powershell.exe,0x1b8c,C:\Windows\System32\schtasks.exe,"S-1-5-21-3855454693-1273462566-1695633807-1001
S-1-0-0",WinEventLog:Security
24426,2019-09-06T16:41:03.000-0400,4688,A new process has been created,DESKTOP-PE6GMIK,0x6dc,C:\Program Files\SplunkUniversalForwarder\bin\splunkd.exe,0x1ce4,C:\Program Files\SplunkUniversalForwarder\bin\splunk-netmon.exe,"S-1-5-18
S-1-0-0",WinEventLog:Security
24425,2019-09-06T16:41:02.000-0400,4688,A new process has been created,DESKTOP-PE6GMIK,0x6dc,C:\Program Files\SplunkUniversalForwarder\bin\splunkd.exe,0xfc8,C:\Program Files\SplunkUniversalForwarder\bin\splunk-admon.exe,"S-1-5-18
S-1-0-0",WinEventLog:Security
24422,2019-09-06T16:41:01.000-0400,4688,A new process has been created,DESKTOP-PE6GMIK,0x6dc,C:\Program Files\SplunkUniversalForwarder\bin\splunkd.exe,0xed4,C:\Program Files\SplunkUniversalForwarder\bin\splunk-MonitorNoHandle.exe,"S-1-5-18
S-1-0-0",WinEventLog:Security